{
	"default": 
	{
        
        "item" :
        {
            "unselected" :
            {
                "title" :
                {
                    "fontName" : "Open Sans",
                    "fontSize" : 13,
                    "color" : "#CBCBCB",
                },
                
                "subtitle" :
                {
                    "fontName" : "Open Sans Light",
                    "fontSize" : 11,
                    "color" : "#989898",
                },
                
                "note" :
                {
                    "fontName" : "Open Sans Light",
                    "fontSize" : 10,
                    "color" : "#E7E7E7",
                },
            },
            
            "selected" :
            {
                "title" :
                {
                    "fontName" : "Open Sans",
                    "fontSize" : 13,
                    "color" : "#FFFFFF",
                },
                
                "subtitle" :
                {
                    "fontName" : "Open Sans",
                    "fontSize" : 11,
                    "color" : "#FFFFFF",
                },
                
                "note" :
                {
                    "fontName" : "Open Sans",
                    "fontSize" : 10,
                    "color" : "#FFFFFF",
                },
            },
            
            "unread" :
            {
                "title" :
                {
                    "fontName" : "Open Sans",
                    "fontSize" : 13,
                    "color" : "#81BAE5",
                },
                
                "subtitle" :
                {
                    "fontName" : "Open Sans Light",
                    "fontSize" : 11,
                    "color" : "#81BAE5",
                },
                
                "note" :
                {
                    "fontName" : "Open Sans",
                    "fontSize" : 10,
                    "color" : "#81BAE5",
                },
            },            
        },
        
		"columns":
		[
    		{
                "unselectedBgColor": [0.12],
                "selectedBgColor":   [0.09],
            },
    		
    		{
                "unselectedBgColor": [0.09],
                "selectedBgColor":   [0.07],
    		},
    		
    		{
                "unselectedBgColor": [0.07],
                "selectedBgColor":   [0.03],
            },
         
            {
                "unselectedBgColor": [0.03],
                "selectedBgColor":   [0.0],
            }
		],
        

        "address":
        {
            "label" :
            {
                "fontName" : "Open Sans Light",
                "fontSize" : 24,
                "color" : "#FFFFFF",
                "align" : "center",
            },
            
            "address" :
            {
                "fontName" : "Open Sans Light",
                "fontSize" : 16,
                "color" : "#8F8F8F",
                "align" : "center",
            },
            
            "addressError" :
            {
                "fontName" : "Open Sans Light",
                "fontSize" : 16,
                "color" : "#FF0000",
                "align" : "center",
            },
            
            "selected" :
            {
                "backgroundColor" : "#555555",
            },
            
            "background" :
            {
                "backgroundColor" : "#000000",
            },
            
        },
        
		"formBackgroundColor": [0.03],
		"formText1Color": [1],
		"formText2Color": [0.82],
		"formText3Color": [0.5],
		"formText4Color": [0.3],
		"formTextErrorColor": [1, 0, 0],
		"formTextSelectedBgColor": [0.3],
		"formTextCursorColor": [1],
		"formTextLinkColor": [0.7],
		
		"lightFontName": "Open Sans Light",
		"mediumFontName": "Open Sans",
        
        "message":
        {
            "title" :
            {
                "fontName" : "Open Sans",
                "fontSize" : 24,
                "color" : "#FFFFFF",
            },
            
            "subtitle" :
            {
                "fontName" : "Open Sans Light",
                "fontSize" : 13,
                "color" : "#BBBBBB",
            },
            
            "link" :
            {
                "fontName" : "Open Sans Light",
                "fontSize" : 13,
                "color" : "#EEEEEE",
                "text-decoration": "none",
            },
            
            "body" :
            {
                "fontName" : "Open Sans Light",
                "fontSize" : 13,
                "color" : "#D3D3D3",
            },
            
            "background" :
            {
                "backgroundColor" : "#000000",
            },
        },
        
        "draft" :
        {
            "fieldTitle" :
            {
                "fontName" : "Open Sans",
                "fontSize" : 13,
                "color" : "#323232",
                "align": "right",
            },
            
            "field" :
            {
                "fontName" : "Open Sans",
                "fontSize" : 13,
                "color" : "#8F8F8F",
                "align": "left",
            },
            
            "field-uneditable" :
            {
                "fontName" : "Open Sans",
                "fontSize" : 13,
                "color" : "#8F8F8F",
                "align": "left",
            },
            
            "fieldError" :
            {
                "fontName" : "Open Sans Bold",
                "fontSize" : 13,
                "color" : "#FF0000",
            },
            
            "note" :
            {
                "fontName" : "Open Sans",
                "fontSize" : 13,
                "color" : "#DDDDDD",
                "align": "right",
            },

            
            "body" :
            {
                "fontName" : "Open Sans",
                "fontSize" : 13,
                "color" : "#8F8F8F",
                "backgroundColor" : "#FFFFFF",
            },
            
            "separators":
            {
                "backgroundColor" : "#EEEEEE",
            },
        },
	
    
        "info" :
        {
            "header" :
            {
                "fontName" : "Open Sans Bold",
                "fontSize" : 16,
                "color" : "#777777",
                "align" : "center",
            },

            "subheader" :
            {
                "fontName" : "Open Sans Light",
                "fontSize" : 16,
                "color" : "#777777",
                "align" : "center",
            },
            
            
            "title" :
            {
                "fontName" : "Open Sans",
                "fontSize" : 16,
                "color" : "#777777",
                "align" : "center",
            },
            
            "item" :
            {
                "fontName" : "Open Sans Light",
                "fontSize" : 16,
                "color" : "#AAAAAA",
                "align" : "center",
            },
            
            "item.alt" :
            {
                "fontName" : "Open Sans Light",
                "fontSize" : 16,
                "color" : "#DDDDDD",
                "align" : "center",
            },
            
            
            "background":
            {
                "backgroundColor" : "#191919",
            },
        }
    
    
    },
}
